<?xml version="1.0" encoding="utf-8"?>
<ApplicationInstallerManifest>
   <DefaultInstallationDirectory>/Applications/CaTx/</DefaultInstallationDirectory>
   <ApplicationName>CaTx</ApplicationName>
   <ExecutableName>application/CaTx.exe</ExecutableName>
   <GUID>06ef6152-2955-4ba1-93ec-9f24d7345377</GUID>
   <ApplicationIcon>icon_48.png</ApplicationIcon>
   <Logo>logo5062972527339157140.png</Logo>
   <Version>1.3</Version>
   <InstallationNotes>For details
&gt; https://doi.org/10.1007/s10762-023-00947-w
GitHub Documentation
&gt; https://github.com/dotTHzTAG/Documentation</InstallationNotes>
   <AuthorOrganization>University of Cambridge</AuthorOrganization>
   <Summary>The dotTHz Project Terahertz Data Management Tool</Summary>
   <WelcomePanelText>CaTx 1.3
The dotTHz Project Terahertz Data Management Tool
Terahertz Applications Group
jl2112@cam.ac.uk</WelcomePanelText>
   <MCRProducts>
      <MCRProduct>
         <ExternalProductIdentifier>35002</ExternalProductIdentifier>
      </MCRProduct>
      <MCRProduct>
         <ExternalProductIdentifier>35003</ExternalProductIdentifier>
      </MCRProduct>
      <MCRProduct>
         <ExternalProductIdentifier>35010</ExternalProductIdentifier>
      </MCRProduct>
   </MCRProducts>
</ApplicationInstallerManifest>